Tore Sones,Recruiter
Yasmin Mate,Account Representative I
Daniel Mandre,Programmer Analyst II
Miquela Pask,Registered Nurse
Dare Cockrem,Accounting Assistant IV
Abigale Hart,Staff Scientist
Lind Iliff,Software Consultant
Wittie Vasyagin,Actuary
Roberto Reeder,VP Marketing
Alessandra Commuzzo,Financial Advisor
Giovanni Mangin,VP Quality Control
Cherye Buck,Tax Accountant
Ernestus Seignior,Accounting Assistant I
Derrick Lamblin,Clinical Specialist
Krystalle Manilove,Senior Sales Associate
Sandy McGilbon,Librarian
Victoir Leppo,Systems Administrator IV
Kelly Alps,Sales Associate
Lyle Bengtsen,Programmer II
Griffin Dominguez,Nurse
